species_cluster,n_obs,rmse,mae,coverage_95
0,11706,0.005596818952519621,0.003404995457158862,0.9749701008030071
1,39950,0.006980143778321532,0.003697016648247065,0.96180225281602
2,32747,0.005747487021493149,0.0037984405756719573,0.9626225303081198
3,17212,0.004368997300931212,0.002919533268301657,0.9704276086451313
4,27351,0.006836487372728279,0.0039057085784382412,0.9625242221490987
5,63969,0.00574351163330874,0.003479144772906266,0.9610436305085276
6,7065,0.0064583797703314,0.0034920721908701536,0.9786270346779901
