species_cluster,n_obs,rmse,mae,coverage_95
0,10844,0.00911113700712024,0.004454221432494599,0.9812799704905939
1,36228,0.014669933337208865,0.005462093533179095,0.9825273269294469
2,30619,0.010377891590734052,0.005898785223544235,0.9719781834808452
3,14324,0.006334530425755925,0.003996015783825422,0.9928092711533091
4,23307,0.013678849864449595,0.00693766652685915,0.9631012142274853
5,55604,0.009780376763106743,0.005348590364676442,0.9847492986116106
6,4100,0.010538562631317788,0.005421665669963887,0.9724390243902439
