species_cluster,n_obs,rmse,mae,coverage_95
0,8862625,0.00728077978421,0.004162612862966179,0.9382986417680992
1,832678,0.007572572258449359,0.004420909477801393,0.9252159898544215
2,1673467,0.011384829787565639,0.006519539283744634,0.9355684934330943
3,902415,0.009261302487522532,0.006174243862561892,0.913377991278957
4,894552,0.01006790326276671,0.0052381468666342955,0.9220794319391159
5,321884,0.010634520639456703,0.006024078854037855,0.9402766213915572
6,109060,0.006426970219402857,0.0039503422105865845,0.9501558774986246
