species_cluster,n_obs,rmse,mae,coverage_95
0,8685487,0.007763714664183551,0.004008092866782587,0.9958382299115754
1,807464,0.010146057380739844,0.005500618883802701,0.9855077130373614
2,1659645,0.012430418452176233,0.006900449988115583,0.9932551840905736
3,883548,0.011478473111382259,0.007199042258606095,0.9812381443905708
4,861533,0.011984591000743392,0.006396319087581742,0.9902058307691057
5,305121,0.014741099037498116,0.008389563169162687,0.9773598015213637
6,99090,0.01255272457453782,0.007648805376690892,0.9717933192047633
