species_cluster,n_obs,rmse,mae,coverage_95
0,8862625,0.007280779784210094,0.004162612862966429,0.9794007982962158
1,832678,0.007572572258449359,0.004420909477801393,0.9691321255034959
2,1673467,0.011384829787565639,0.006519539283744634,0.9127476072130493
3,902415,0.009261302487522752,0.006174243862549407,0.9311525185197498
4,894552,0.01006790326276671,0.0052381468666342955,0.939841395469464
5,321884,0.010634520639456703,0.006024078854037855,0.9270389332803122
6,109060,0.006426970219402857,0.0039503422105865845,0.9740509811113148
