species_cluster,n_obs,rmse,mae,coverage_95
0,14467,0.00599202029280727,0.0034483948891594054,0.9727656044791595
1,17044,0.005691027162251819,0.0035750120152580997,0.9622154423844168
2,34453,0.012544293350209929,0.006493171914314804,0.9625867123327432
3,19979,0.007754770793734679,0.004673513880675737,0.9637619500475499
4,62537,0.008401257107303014,0.0042387337763139165,0.9604074387962326
5,43386,0.008238401731905222,0.00482161079102288,0.9621536901304568
6,8134,0.005288462930398301,0.0031315603041013685,0.9703712810425374
