species_cluster,n_obs,rmse,mae,coverage_95
0,13569,0.007950274791897343,0.004498357365330316,0.993809418527526
1,15895,0.008074114484796604,0.0049458440194464,0.9890531613715005
2,33674,0.016906224259258997,0.008737082309880208,0.9916849795094138
3,18995,0.01037713677062758,0.006290137527753994,0.9903658857594104
4,58365,0.010365196190837053,0.00551116637980523,0.9936091835860533
5,38765,0.011846219133026878,0.006868207307745561,0.9900167677028248
6,6557,0.008848433765752952,0.004958979697121973,0.9791062986121702
