species_cluster,n_obs,rmse,mae,coverage_95
0,353064,0.009319303570906948,0.005088303933673706,0.9408974010377722
1,111670,0.013617477684206975,0.005627648711721077,0.9420166562192174
2,91373,0.00748472624850589,0.004482023981377526,0.9454652906219562
3,38010,0.010013974842649521,0.0053182030648214335,0.920494606682452
4,188198,0.008274012489759845,0.004555767752270055,0.9523639996174242
5,175193,0.007802731093448911,0.004335749804948432,0.9528234575582357
6,8974,0.006476445085731023,0.003491517631985347,0.9664586583463338
