species_cluster,n_obs,rmse,mae,coverage_95
0,353064,0.009319303570906948,0.005088303933673706,0.947173883488546
1,111670,0.013617477684206975,0.005627648711721077,0.9248858243037521
2,91373,0.00748472624850589,0.004482023981377526,0.9538266227441367
3,38010,0.010013974842649521,0.0053182030648214335,0.9279926335174954
4,188198,0.008274012489759845,0.004555767752270055,0.9487773515127684
5,175193,0.007802731093448911,0.004335749804948432,0.9537253200755738
6,8974,0.006476445085731023,0.003491517631985347,0.9706931134388233
