species_cluster,n_obs,rmse,mae,coverage_95
0,344294,0.012277800161170044,0.006686176741328873,0.9722882187897552
1,105815,0.02149994922289159,0.010193456610457776,0.9300099229787837
2,86460,0.021691758291037345,0.012688962836537167,0.8754915567892667
3,34501,0.01558162249392712,0.007944892573431294,0.9409292484275819
4,174855,0.012932090404737332,0.007317285787059417,0.9675502559263389
5,161960,0.012721668219780222,0.0071478540518832775,0.9681094097307977
6,7442,0.019561081406667853,0.01260909285064167,0.8449341574845471
